{
    "1": {
        "first-hop": 3,
        "cost": 6,
        "timer": 13.107940196990967
    },
    "2": {
        "first-hop": 3,
        "cost": 5,
        "timer": 13.107940196990967
    },
    "3": {
        "first-hop": 3,
        "cost": 3,
        "timer": 13.107940196990967
    },
    "4": {
        "first-hop": 3,
        "cost": 6,
        "timer": 13.107940196990967
    }
}