{
    "2": {
        "first-hop": 2,
        "cost": 1,
        "timer": 6.103924989700317
    },
    "3": {
        "first-hop": 2,
        "cost": 3,
        "timer": 6.103924989700317
    },
    "4": {
        "first-hop": 2,
        "cost": 2,
        "timer": 6.103924989700317
    },
    "5": {
        "first-hop": 2,
        "cost": 6,
        "timer": 6.103924989700317
    }
}