{
    "1": {
        "first-hop": 1,
        "cost": 1,
        "timer": 0
    },
    "3": {
        "first-hop": 3,
        "cost": 2,
        "timer": 5.116315841674805
    },
    "4": {
        "first-hop": 4,
        "cost": 1,
        "timer": 5.116315841674805
    },
    "5": {
        "first-hop": 3,
        "cost": 5,
        "timer": 5.116315841674805
    }
}